,Pclass,Age,SibSp,Parch,Fare,feamle,male,Embarked_C,Embarked_Q,Embarked_S,Survived
0,3,22.0,1,0,7.25,0,1,0,0,1,0
1,1,38.0,1,0,71.2833,1,0,1,0,0,1
2,3,26.0,0,0,7.925,1,0,0,0,1,1
3,1,35.0,1,0,53.1,1,0,0,0,1,1
4,3,35.0,0,0,8.05,0,1,0,0,1,0
5,3,30.0,0,0,8.4583,0,1,0,1,0,0
6,1,54.0,0,0,51.8625,0,1,0,0,1,0
7,3,2.0,3,1,21.075,0,1,0,0,1,0
8,3,27.0,0,2,11.1333,1,0,0,0,1,1
9,2,14.0,1,0,30.0708,1,0,1,0,0,1
10,3,4.0,1,1,16.7,1,0,0,0,1,1
11,1,58.0,0,0,26.55,1,0,0,0,1,1
12,3,20.0,0,0,8.05,0,1,0,0,1,0
13,3,39.0,1,5,31.275,0,1,0,0,1,0
14,3,14.0,0,0,7.8542,1,0,0,0,1,0
15,2,55.0,0,0,16.0,1,0,0,0,1,1
16,3,2.0,4,1,29.125,0,1,0,1,0,0
17,2,30.0,0,0,13.0,0,1,0,0,1,1
18,3,31.0,1,0,18.0,1,0,0,0,1,0
19,3,30.0,0,0,7.225,1,0,1,0,0,1
20,2,35.0,0,0,26.0,0,1,0,0,1,0
21,2,34.0,0,0,13.0,0,1,0,0,1,1
22,3,15.0,0,0,8.0292,1,0,0,1,0,1
23,1,28.0,0,0,35.5,0,1,0,0,1,1
24,3,8.0,3,1,21.075,1,0,0,0,1,0
25,3,38.0,1,5,31.3875,1,0,0,0,1,1
26,3,30.0,0,0,7.225,0,1,1,0,0,0
27,1,19.0,3,2,263.0,0,1,0,0,1,0
28,3,30.0,0,0,7.8792,1,0,0,1,0,1
29,3,30.0,0,0,7.8958,0,1,0,0,1,0
30,1,40.0,0,0,27.7208,0,1,1,0,0,0
31,1,30.0,1,0,146.5208,1,0,1,0,0,1
32,3,30.0,0,0,7.75,1,0,0,1,0,1
33,2,66.0,0,0,10.5,0,1,0,0,1,0
34,1,28.0,1,0,82.1708,0,1,1,0,0,0
35,1,42.0,1,0,52.0,0,1,0,0,1,0
36,3,30.0,0,0,7.2292,0,1,1,0,0,1
37,3,21.0,0,0,8.05,0,1,0,0,1,0
38,3,18.0,2,0,18.0,1,0,0,0,1,0
39,3,14.0,1,0,11.2417,1,0,1,0,0,1
40,3,40.0,1,0,9.475,1,0,0,0,1,0
41,2,27.0,1,0,21.0,1,0,0,0,1,0
42,3,30.0,0,0,7.8958,0,1,1,0,0,0
43,2,3.0,1,2,41.5792,1,0,1,0,0,1
44,3,19.0,0,0,7.8792,1,0,0,1,0,1
45,3,30.0,0,0,8.05,0,1,0,0,1,0
46,3,30.0,1,0,15.5,0,1,0,1,0,0
47,3,30.0,0,0,7.75,1,0,0,1,0,1
48,3,30.0,2,0,21.6792,0,1,1,0,0,0
49,3,18.0,1,0,17.8,1,0,0,0,1,0
50,3,7.0,4,1,39.6875,0,1,0,0,1,0
51,3,21.0,0,0,7.8,0,1,0,0,1,0
52,1,49.0,1,0,76.7292,1,0,1,0,0,1
53,2,29.0,1,0,26.0,1,0,0,0,1,1
54,1,65.0,0,1,61.9792,0,1,1,0,0,0
55,1,30.0,0,0,35.5,0,1,0,0,1,1
56,2,21.0,0,0,10.5,1,0,0,0,1,1
57,3,28.5,0,0,7.2292,0,1,1,0,0,0
58,2,5.0,1,2,27.75,1,0,0,0,1,1
59,3,11.0,5,2,46.9,0,1,0,0,1,0
60,3,22.0,0,0,7.2292,0,1,1,0,0,0
61,1,38.0,0,0,80.0,1,0,0,0,0,1
62,1,45.0,1,0,83.475,0,1,0,0,1,0
63,3,4.0,3,2,27.9,0,1,0,0,1,0
64,1,30.0,0,0,27.7208,0,1,1,0,0,0
65,3,30.0,1,1,15.2458,0,1,1,0,0,1
66,2,29.0,0,0,10.5,1,0,0,0,1,1
67,3,19.0,0,0,8.1583,0,1,0,0,1,0
68,3,17.0,4,2,7.925,1,0,0,0,1,1
69,3,26.0,2,0,8.6625,0,1,0,0,1,0
70,2,32.0,0,0,10.5,0,1,0,0,1,0
71,3,16.0,5,2,46.9,1,0,0,0,1,0
72,2,21.0,0,0,73.5,0,1,0,0,1,0
73,3,26.0,1,0,14.4542,0,1,1,0,0,0
74,3,32.0,0,0,56.4958,0,1,0,0,1,1
75,3,25.0,0,0,7.65,0,1,0,0,1,0
76,3,30.0,0,0,7.8958,0,1,0,0,1,0
77,3,30.0,0,0,8.05,0,1,0,0,1,0
78,2,0.83,0,2,29.0,0,1,0,0,1,1
79,3,30.0,0,0,12.475,1,0,0,0,1,1
80,3,22.0,0,0,9.0,0,1,0,0,1,0
81,3,29.0,0,0,9.5,0,1,0,0,1,1
82,3,30.0,0,0,7.7875,1,0,0,1,0,1
83,1,28.0,0,0,47.1,0,1,0,0,1,0
84,2,17.0,0,0,10.5,1,0,0,0,1,1
85,3,33.0,3,0,15.85,1,0,0,0,1,1
86,3,16.0,1,3,34.375,0,1,0,0,1,0
87,3,30.0,0,0,8.05,0,1,0,0,1,0
88,1,23.0,3,2,263.0,1,0,0,0,1,1
89,3,24.0,0,0,8.05,0,1,0,0,1,0
90,3,29.0,0,0,8.05,0,1,0,0,1,0
91,3,20.0,0,0,7.8542,0,1,0,0,1,0
92,1,46.0,1,0,61.175,0,1,0,0,1,0
93,3,26.0,1,2,20.575,0,1,0,0,1,0
94,3,59.0,0,0,7.25,0,1,0,0,1,0
95,3,30.0,0,0,8.05,0,1,0,0,1,0
96,1,71.0,0,0,34.6542,0,1,1,0,0,0
97,1,23.0,0,1,63.3583,0,1,1,0,0,1
98,2,34.0,0,1,23.0,1,0,0,0,1,1
99,2,34.0,1,0,26.0,0,1,0,0,1,0
100,3,28.0,0,0,7.8958,1,0,0,0,1,0
101,3,30.0,0,0,7.8958,0,1,0,0,1,0
102,1,21.0,0,1,77.2875,0,1,0,0,1,0
103,3,33.0,0,0,8.6542,0,1,0,0,1,0
104,3,37.0,2,0,7.925,0,1,0,0,1,0
105,3,28.0,0,0,7.8958,0,1,0,0,1,0
106,3,21.0,0,0,7.65,1,0,0,0,1,1
107,3,30.0,0,0,7.775,0,1,0,0,1,1
108,3,38.0,0,0,7.8958,0,1,0,0,1,0
109,3,30.0,1,0,24.15,1,0,0,1,0,1
110,1,47.0,0,0,52.0,0,1,0,0,1,0
111,3,14.5,1,0,14.4542,1,0,1,0,0,0
112,3,22.0,0,0,8.05,0,1,0,0,1,0
113,3,20.0,1,0,9.825,1,0,0,0,1,0
114,3,17.0,0,0,14.4583,1,0,1,0,0,0
115,3,21.0,0,0,7.925,0,1,0,0,1,0
116,3,70.5,0,0,7.75,0,1,0,1,0,0
117,2,29.0,1,0,21.0,0,1,0,0,1,0
118,1,24.0,0,1,247.5208,0,1,1,0,0,0
119,3,2.0,4,2,31.275,1,0,0,0,1,0
120,2,21.0,2,0,73.5,0,1,0,0,1,0
121,3,30.0,0,0,8.05,0,1,0,0,1,0
122,2,32.5,1,0,30.0708,0,1,1,0,0,0
123,2,32.5,0,0,13.0,1,0,0,0,1,1
124,1,54.0,0,1,77.2875,0,1,0,0,1,0
125,3,12.0,1,0,11.2417,0,1,1,0,0,1
126,3,30.0,0,0,7.75,0,1,0,1,0,0
127,3,24.0,0,0,7.1417,0,1,0,0,1,1
128,3,30.0,1,1,22.3583,1,0,1,0,0,1
129,3,45.0,0,0,6.975,0,1,0,0,1,0
130,3,33.0,0,0,7.8958,0,1,1,0,0,0
131,3,20.0,0,0,7.05,0,1,0,0,1,0
132,3,47.0,1,0,14.5,1,0,0,0,1,0
133,2,29.0,1,0,26.0,1,0,0,0,1,1
134,2,25.0,0,0,13.0,0,1,0,0,1,0
135,2,23.0,0,0,15.0458,0,1,1,0,0,0
136,1,19.0,0,2,26.2833,1,0,0,0,1,1
137,1,37.0,1,0,53.1,0,1,0,0,1,0
138,3,16.0,0,0,9.2167,0,1,0,0,1,0
139,1,24.0,0,0,79.2,0,1,1,0,0,0
140,3,30.0,0,2,15.2458,1,0,1,0,0,0
141,3,22.0,0,0,7.75,1,0,0,0,1,1
142,3,24.0,1,0,15.85,1,0,0,0,1,1
143,3,19.0,0,0,6.75,0,1,0,1,0,0
144,2,18.0,0,0,11.5,0,1,0,0,1,0
145,2,19.0,1,1,36.75,0,1,0,0,1,0
146,3,27.0,0,0,7.7958,0,1,0,0,1,1
147,3,9.0,2,2,34.375,1,0,0,0,1,0
148,2,36.5,0,2,26.0,0,1,0,0,1,0
149,2,42.0,0,0,13.0,0,1,0,0,1,0
150,2,51.0,0,0,12.525,0,1,0,0,1,0
151,1,22.0,1,0,66.6,1,0,0,0,1,1
152,3,55.5,0,0,8.05,0,1,0,0,1,0
153,3,40.5,0,2,14.5,0,1,0,0,1,0
154,3,30.0,0,0,7.3125,0,1,0,0,1,0
155,1,51.0,0,1,61.3792,0,1,1,0,0,0
156,3,16.0,0,0,7.7333,1,0,0,1,0,1
157,3,30.0,0,0,8.05,0,1,0,0,1,0
158,3,30.0,0,0,8.6625,0,1,0,0,1,0
159,3,30.0,8,2,69.55,0,1,0,0,1,0
160,3,44.0,0,1,16.1,0,1,0,0,1,0
161,2,40.0,0,0,15.75,1,0,0,0,1,1
162,3,26.0,0,0,7.775,0,1,0,0,1,0
163,3,17.0,0,0,8.6625,0,1,0,0,1,0
164,3,1.0,4,1,39.6875,0,1,0,0,1,0
165,3,9.0,0,2,20.525,0,1,0,0,1,1
166,1,30.0,0,1,55.0,1,0,0,0,1,1
167,3,45.0,1,4,27.9,1,0,0,0,1,0
168,1,30.0,0,0,25.925,0,1,0,0,1,0
169,3,28.0,0,0,56.4958,0,1,0,0,1,0
170,1,61.0,0,0,33.5,0,1,0,0,1,0
171,3,4.0,4,1,29.125,0,1,0,1,0,0
172,3,1.0,1,1,11.1333,1,0,0,0,1,1
173,3,21.0,0,0,7.925,0,1,0,0,1,0
174,1,56.0,0,0,30.6958,0,1,1,0,0,0
175,3,18.0,1,1,7.8542,0,1,0,0,1,0
176,3,30.0,3,1,25.4667,0,1,0,0,1,0
177,1,50.0,0,0,28.7125,1,0,1,0,0,0
178,2,30.0,0,0,13.0,0,1,0,0,1,0
179,3,36.0,0,0,0.0,0,1,0,0,1,0
180,3,30.0,8,2,69.55,1,0,0,0,1,0
181,2,30.0,0,0,15.05,0,1,1,0,0,0
182,3,9.0,4,2,31.3875,0,1,0,0,1,0
183,2,1.0,2,1,39.0,0,1,0,0,1,1
184,3,4.0,0,2,22.025,1,0,0,0,1,1
185,1,30.0,0,0,50.0,0,1,0,0,1,0
186,3,30.0,1,0,15.5,1,0,0,1,0,1
187,1,45.0,0,0,26.55,0,1,0,0,1,1
188,3,40.0,1,1,15.5,0,1,0,1,0,0
189,3,36.0,0,0,7.8958,0,1,0,0,1,0
190,2,32.0,0,0,13.0,1,0,0,0,1,1
191,2,19.0,0,0,13.0,0,1,0,0,1,0
192,3,19.0,1,0,7.8542,1,0,0,0,1,1
193,2,3.0,1,1,26.0,0,1,0,0,1,1
194,1,44.0,0,0,27.7208,1,0,1,0,0,1
195,1,58.0,0,0,146.5208,1,0,1,0,0,1
196,3,30.0,0,0,7.75,0,1,0,1,0,0
197,3,42.0,0,1,8.4042,0,1,0,0,1,0
198,3,30.0,0,0,7.75,1,0,0,1,0,1
199,2,24.0,0,0,13.0,1,0,0,0,1,0
200,3,28.0,0,0,9.5,0,1,0,0,1,0
201,3,30.0,8,2,69.55,0,1,0,0,1,0
202,3,34.0,0,0,6.4958,0,1,0,0,1,0
203,3,45.5,0,0,7.225,0,1,1,0,0,0
204,3,18.0,0,0,8.05,0,1,0,0,1,1
205,3,2.0,0,1,10.4625,1,0,0,0,1,0
206,3,32.0,1,0,15.85,0,1,0,0,1,0
207,3,26.0,0,0,18.7875,0,1,1,0,0,1
208,3,16.0,0,0,7.75,1,0,0,1,0,1
209,1,40.0,0,0,31.0,0,1,1,0,0,1
210,3,24.0,0,0,7.05,0,1,0,0,1,0
211,2,35.0,0,0,21.0,1,0,0,0,1,1
212,3,22.0,0,0,7.25,0,1,0,0,1,0
213,2,30.0,0,0,13.0,0,1,0,0,1,0
214,3,30.0,1,0,7.75,0,1,0,1,0,0
215,1,31.0,1,0,113.275,1,0,1,0,0,1
216,3,27.0,0,0,7.925,1,0,0,0,1,1
217,2,42.0,1,0,27.0,0,1,0,0,1,0
218,1,32.0,0,0,76.2917,1,0,1,0,0,1
219,2,30.0,0,0,10.5,0,1,0,0,1,0
220,3,16.0,0,0,8.05,0,1,0,0,1,1
221,2,27.0,0,0,13.0,0,1,0,0,1,0
222,3,51.0,0,0,8.05,0,1,0,0,1,0
223,3,30.0,0,0,7.8958,0,1,0,0,1,0
224,1,38.0,1,0,90.0,0,1,0,0,1,1
225,3,22.0,0,0,9.35,0,1,0,0,1,0
226,2,19.0,0,0,10.5,0,1,0,0,1,1
227,3,20.5,0,0,7.25,0,1,0,0,1,0
228,2,18.0,0,0,13.0,0,1,0,0,1,0
229,3,30.0,3,1,25.4667,1,0,0,0,1,0
230,1,35.0,1,0,83.475,1,0,0,0,1,1
231,3,29.0,0,0,7.775,0,1,0,0,1,0
232,2,59.0,0,0,13.5,0,1,0,0,1,0
233,3,5.0,4,2,31.3875,1,0,0,0,1,1
234,2,24.0,0,0,10.5,0,1,0,0,1,0
235,3,30.0,0,0,7.55,1,0,0,0,1,0
236,2,44.0,1,0,26.0,0,1,0,0,1,0
237,2,8.0,0,2,26.25,1,0,0,0,1,1
238,2,19.0,0,0,10.5,0,1,0,0,1,0
239,2,33.0,0,0,12.275,0,1,0,0,1,0
240,3,30.0,1,0,14.4542,1,0,1,0,0,0
241,3,30.0,1,0,15.5,1,0,0,1,0,1
242,2,29.0,0,0,10.5,0,1,0,0,1,0
243,3,22.0,0,0,7.125,0,1,0,0,1,0
244,3,30.0,0,0,7.225,0,1,1,0,0,0
245,1,44.0,2,0,90.0,0,1,0,1,0,0
246,3,25.0,0,0,7.775,1,0,0,0,1,0
247,2,24.0,0,2,14.5,1,0,0,0,1,1
248,1,37.0,1,1,52.5542,0,1,0,0,1,1
249,2,54.0,1,0,26.0,0,1,0,0,1,0
250,3,30.0,0,0,7.25,0,1,0,0,1,0
251,3,29.0,1,1,10.4625,1,0,0,0,1,0
252,1,62.0,0,0,26.55,0,1,0,0,1,0
253,3,30.0,1,0,16.1,0,1,0,0,1,0
254,3,41.0,0,2,20.2125,1,0,0,0,1,0
255,3,29.0,0,2,15.2458,1,0,1,0,0,1
256,1,30.0,0,0,79.2,1,0,1,0,0,1
257,1,30.0,0,0,86.5,1,0,0,0,1,1
258,1,35.0,0,0,512.3292,1,0,1,0,0,1
259,2,50.0,0,1,26.0,1,0,0,0,1,1
260,3,30.0,0,0,7.75,0,1,0,1,0,0
261,3,3.0,4,2,31.3875,0,1,0,0,1,1
262,1,52.0,1,1,79.65,0,1,0,0,1,0
263,1,40.0,0,0,0.0,0,1,0,0,1,0
264,3,30.0,0,0,7.75,1,0,0,1,0,0
265,2,36.0,0,0,10.5,0,1,0,0,1,0
266,3,16.0,4,1,39.6875,0,1,0,0,1,0
267,3,25.0,1,0,7.775,0,1,0,0,1,1
268,1,58.0,0,1,153.4625,1,0,0,0,1,1
269,1,35.0,0,0,135.6333,1,0,0,0,1,1
270,1,30.0,0,0,31.0,0,1,0,0,1,0
271,3,25.0,0,0,0.0,0,1,0,0,1,1
272,2,41.0,0,1,19.5,1,0,0,0,1,1
273,1,37.0,0,1,29.7,0,1,1,0,0,0
274,3,30.0,0,0,7.75,1,0,0,1,0,1
275,1,63.0,1,0,77.9583,1,0,0,0,1,1
276,3,45.0,0,0,7.75,1,0,0,0,1,0
277,2,30.0,0,0,0.0,0,1,0,0,1,0
278,3,7.0,4,1,29.125,0,1,0,1,0,0
279,3,35.0,1,1,20.25,1,0,0,0,1,1
280,3,65.0,0,0,7.75,0,1,0,1,0,0
281,3,28.0,0,0,7.8542,0,1,0,0,1,0
282,3,16.0,0,0,9.5,0,1,0,0,1,0
283,3,19.0,0,0,8.05,0,1,0,0,1,1
284,1,30.0,0,0,26.0,0,1,0,0,1,0
285,3,33.0,0,0,8.6625,0,1,1,0,0,0
286,3,30.0,0,0,9.5,0,1,0,0,1,1
287,3,22.0,0,0,7.8958,0,1,0,0,1,0
288,2,42.0,0,0,13.0,0,1,0,0,1,1
289,3,22.0,0,0,7.75,1,0,0,1,0,1
290,1,26.0,0,0,78.85,1,0,0,0,1,1
291,1,19.0,1,0,91.0792,1,0,1,0,0,1
292,2,36.0,0,0,12.875,0,1,1,0,0,0
293,3,24.0,0,0,8.85,1,0,0,0,1,0
294,3,24.0,0,0,7.8958,0,1,0,0,1,0
295,1,30.0,0,0,27.7208,0,1,1,0,0,0
296,3,23.5,0,0,7.2292,0,1,1,0,0,0
297,1,2.0,1,2,151.55,1,0,0,0,1,0
298,1,30.0,0,0,30.5,0,1,0,0,1,1
299,1,50.0,0,1,247.5208,1,0,1,0,0,1
300,3,30.0,0,0,7.75,1,0,0,1,0,1
301,3,30.0,2,0,23.25,0,1,0,1,0,1
302,3,19.0,0,0,0.0,0,1,0,0,1,0
303,2,30.0,0,0,12.35,1,0,0,1,0,1
304,3,30.0,0,0,8.05,0,1,0,0,1,0
305,1,0.92,1,2,151.55,0,1,0,0,1,1
306,1,30.0,0,0,110.8833,1,0,1,0,0,1
307,1,17.0,1,0,108.9,1,0,1,0,0,1
308,2,30.0,1,0,24.0,0,1,1,0,0,0
309,1,30.0,0,0,56.9292,1,0,1,0,0,1
310,1,24.0,0,0,83.1583,1,0,1,0,0,1
311,1,18.0,2,2,262.375,1,0,1,0,0,1
312,2,26.0,1,1,26.0,1,0,0,0,1,0
313,3,28.0,0,0,7.8958,0,1,0,0,1,0
314,2,43.0,1,1,26.25,0,1,0,0,1,0
315,3,26.0,0,0,7.8542,1,0,0,0,1,1
316,2,24.0,1,0,26.0,1,0,0,0,1,1
317,2,54.0,0,0,14.0,0,1,0,0,1,0
318,1,31.0,0,2,164.8667,1,0,0,0,1,1
319,1,40.0,1,1,134.5,1,0,1,0,0,1
320,3,22.0,0,0,7.25,0,1,0,0,1,0
321,3,27.0,0,0,7.8958,0,1,0,0,1,0
322,2,30.0,0,0,12.35,1,0,0,1,0,1
323,2,22.0,1,1,29.0,1,0,0,0,1,1
324,3,30.0,8,2,69.55,0,1,0,0,1,0
325,1,36.0,0,0,135.6333,1,0,1,0,0,1
326,3,61.0,0,0,6.2375,0,1,0,0,1,0
327,2,36.0,0,0,13.0,1,0,0,0,1,1
328,3,31.0,1,1,20.525,1,0,0,0,1,1
329,1,16.0,0,1,57.9792,1,0,1,0,0,1
330,3,30.0,2,0,23.25,1,0,0,1,0,1
331,1,45.5,0,0,28.5,0,1,0,0,1,0
332,1,38.0,0,1,153.4625,0,1,0,0,1,0
333,3,16.0,2,0,18.0,0,1,0,0,1,0
334,1,30.0,1,0,133.65,1,0,0,0,1,1
335,3,30.0,0,0,7.8958,0,1,0,0,1,0
336,1,29.0,1,0,66.6,0,1,0,0,1,0
337,1,41.0,0,0,134.5,1,0,1,0,0,1
338,3,45.0,0,0,8.05,0,1,0,0,1,1
339,1,45.0,0,0,35.5,0,1,0,0,1,0
340,2,2.0,1,1,26.0,0,1,0,0,1,1
341,1,24.0,3,2,263.0,1,0,0,0,1,1
342,2,28.0,0,0,13.0,0,1,0,0,1,0
343,2,25.0,0,0,13.0,0,1,0,0,1,0
344,2,36.0,0,0,13.0,0,1,0,0,1,0
345,2,24.0,0,0,13.0,1,0,0,0,1,1
346,2,40.0,0,0,13.0,1,0,0,0,1,1
347,3,30.0,1,0,16.1,1,0,0,0,1,1
348,3,3.0,1,1,15.9,0,1,0,0,1,1
349,3,42.0,0,0,8.6625,0,1,0,0,1,0
350,3,23.0,0,0,9.225,0,1,0,0,1,0
351,1,30.0,0,0,35.0,0,1,0,0,1,0
352,3,15.0,1,1,7.2292,0,1,1,0,0,0
353,3,25.0,1,0,17.8,0,1,0,0,1,0
354,3,30.0,0,0,7.225,0,1,1,0,0,0
355,3,28.0,0,0,9.5,0,1,0,0,1,0
356,1,22.0,0,1,55.0,1,0,0,0,1,1
357,2,38.0,0,0,13.0,1,0,0,0,1,0
358,3,30.0,0,0,7.8792,1,0,0,1,0,1
359,3,30.0,0,0,7.8792,1,0,0,1,0,1
360,3,40.0,1,4,27.9,0,1,0,0,1,0
361,2,29.0,1,0,27.7208,0,1,1,0,0,0
362,3,45.0,0,1,14.4542,1,0,1,0,0,0
363,3,35.0,0,0,7.05,0,1,0,0,1,0
364,3,30.0,1,0,15.5,0,1,0,1,0,0
365,3,30.0,0,0,7.25,0,1,0,0,1,0
366,1,60.0,1,0,75.25,1,0,1,0,0,1
367,3,30.0,0,0,7.2292,1,0,1,0,0,1
368,3,30.0,0,0,7.75,1,0,0,1,0,1
369,1,24.0,0,0,69.3,1,0,1,0,0,1
370,1,25.0,1,0,55.4417,0,1,1,0,0,1
371,3,18.0,1,0,6.4958,0,1,0,0,1,0
372,3,19.0,0,0,8.05,0,1,0,0,1,0
373,1,22.0,0,0,135.6333,0,1,1,0,0,0
374,3,3.0,3,1,21.075,1,0,0,0,1,0
375,1,30.0,1,0,82.1708,1,0,1,0,0,1
376,3,22.0,0,0,7.25,1,0,0,0,1,1
377,1,27.0,0,2,211.5,0,1,1,0,0,0
378,3,20.0,0,0,4.0125,0,1,1,0,0,0
379,3,19.0,0,0,7.775,0,1,0,0,1,0
380,1,42.0,0,0,227.525,1,0,1,0,0,1
381,3,1.0,0,2,15.7417,1,0,1,0,0,1
382,3,32.0,0,0,7.925,0,1,0,0,1,0
383,1,35.0,1,0,52.0,1,0,0,0,1,1
384,3,30.0,0,0,7.8958,0,1,0,0,1,0
385,2,18.0,0,0,73.5,0,1,0,0,1,0
386,3,1.0,5,2,46.9,0,1,0,0,1,0
387,2,36.0,0,0,13.0,1,0,0,0,1,1
388,3,30.0,0,0,7.7292,0,1,0,1,0,0
389,2,17.0,0,0,12.0,1,0,1,0,0,1
390,1,36.0,1,2,120.0,0,1,0,0,1,1
391,3,21.0,0,0,7.7958,0,1,0,0,1,1
392,3,28.0,2,0,7.925,0,1,0,0,1,0
393,1,23.0,1,0,113.275,1,0,1,0,0,1
394,3,24.0,0,2,16.7,1,0,0,0,1,1
395,3,22.0,0,0,7.7958,0,1,0,0,1,0
396,3,31.0,0,0,7.8542,1,0,0,0,1,0
397,2,46.0,0,0,26.0,0,1,0,0,1,0
398,2,23.0,0,0,10.5,0,1,0,0,1,0
399,2,28.0,0,0,12.65,1,0,0,0,1,1
400,3,39.0,0,0,7.925,0,1,0,0,1,1
401,3,26.0,0,0,8.05,0,1,0,0,1,0
402,3,21.0,1,0,9.825,1,0,0,0,1,0
403,3,28.0,1,0,15.85,0,1,0,0,1,0
404,3,20.0,0,0,8.6625,1,0,0,0,1,0
405,2,34.0,1,0,21.0,0,1,0,0,1,0
406,3,51.0,0,0,7.75,0,1,0,0,1,0
407,2,3.0,1,1,18.75,0,1,0,0,1,1
408,3,21.0,0,0,7.775,0,1,0,0,1,0
409,3,30.0,3,1,25.4667,1,0,0,0,1,0
410,3,30.0,0,0,7.8958,0,1,0,0,1,0
411,3,30.0,0,0,6.8583,0,1,0,1,0,0
412,1,33.0,1,0,90.0,1,0,0,1,0,1
413,2,30.0,0,0,0.0,0,1,0,0,1,0
414,3,44.0,0,0,7.925,0,1,0,0,1,1
415,3,30.0,0,0,8.05,1,0,0,0,1,0
416,2,34.0,1,1,32.5,1,0,0,0,1,1
417,2,18.0,0,2,13.0,1,0,0,0,1,1
418,2,30.0,0,0,13.0,0,1,0,0,1,0
419,3,10.0,0,2,24.15,1,0,0,0,1,0
420,3,30.0,0,0,7.8958,0,1,1,0,0,0
421,3,21.0,0,0,7.7333,0,1,0,1,0,0
422,3,29.0,0,0,7.875,0,1,0,0,1,0
423,3,28.0,1,1,14.4,1,0,0,0,1,0
424,3,18.0,1,1,20.2125,0,1,0,0,1,0
425,3,30.0,0,0,7.25,0,1,0,0,1,0
426,2,28.0,1,0,26.0,1,0,0,0,1,1
427,2,19.0,0,0,26.0,1,0,0,0,1,1
428,3,30.0,0,0,7.75,0,1,0,1,0,0
429,3,32.0,0,0,8.05,0,1,0,0,1,1
430,1,28.0,0,0,26.55,0,1,0,0,1,1
431,3,30.0,1,0,16.1,1,0,0,0,1,1
432,2,42.0,1,0,26.0,1,0,0,0,1,1
433,3,17.0,0,0,7.125,0,1,0,0,1,0
434,1,50.0,1,0,55.9,0,1,0,0,1,0
435,1,14.0,1,2,120.0,1,0,0,0,1,1
436,3,21.0,2,2,34.375,1,0,0,0,1,0
437,2,24.0,2,3,18.75,1,0,0,0,1,1
438,1,64.0,1,4,263.0,0,1,0,0,1,0
439,2,31.0,0,0,10.5,0,1,0,0,1,0
440,2,45.0,1,1,26.25,1,0,0,0,1,1
441,3,20.0,0,0,9.5,0,1,0,0,1,0
442,3,25.0,1,0,7.775,0,1,0,0,1,0
443,2,28.0,0,0,13.0,1,0,0,0,1,1
444,3,30.0,0,0,8.1125,0,1,0,0,1,1
445,1,4.0,0,2,81.8583,0,1,0,0,1,1
446,2,13.0,0,1,19.5,1,0,0,0,1,1
447,1,34.0,0,0,26.55,0,1,0,0,1,1
448,3,5.0,2,1,19.2583,1,0,1,0,0,1
449,1,52.0,0,0,30.5,0,1,0,0,1,1
450,2,36.0,1,2,27.75,0,1,0,0,1,0
451,3,30.0,1,0,19.9667,0,1,0,0,1,0
452,1,30.0,0,0,27.75,0,1,1,0,0,0
453,1,49.0,1,0,89.1042,0,1,1,0,0,1
454,3,30.0,0,0,8.05,0,1,0,0,1,0
455,3,29.0,0,0,7.8958,0,1,1,0,0,1
456,1,65.0,0,0,26.55,0,1,0,0,1,0
457,1,30.0,1,0,51.8625,1,0,0,0,1,1
458,2,50.0,0,0,10.5,1,0,0,0,1,1
459,3,30.0,0,0,7.75,0,1,0,1,0,0
460,1,48.0,0,0,26.55,0,1,0,0,1,1
461,3,34.0,0,0,8.05,0,1,0,0,1,0
462,1,47.0,0,0,38.5,0,1,0,0,1,0
463,2,48.0,0,0,13.0,0,1,0,0,1,0
464,3,30.0,0,0,8.05,0,1,0,0,1,0
465,3,38.0,0,0,7.05,0,1,0,0,1,0
466,2,30.0,0,0,0.0,0,1,0,0,1,0
467,1,56.0,0,0,26.55,0,1,0,0,1,0
468,3,30.0,0,0,7.725,0,1,0,1,0,0
469,3,0.75,2,1,19.2583,1,0,1,0,0,1
470,3,30.0,0,0,7.25,0,1,0,0,1,0
471,3,38.0,0,0,8.6625,0,1,0,0,1,0
472,2,33.0,1,2,27.75,1,0,0,0,1,1
473,2,23.0,0,0,13.7917,1,0,1,0,0,1
474,3,22.0,0,0,9.8375,1,0,0,0,1,0
475,1,30.0,0,0,52.0,0,1,0,0,1,0
476,2,34.0,1,0,21.0,0,1,0,0,1,0
477,3,29.0,1,0,7.0458,0,1,0,0,1,0
478,3,22.0,0,0,7.5208,0,1,0,0,1,0
479,3,2.0,0,1,12.2875,1,0,0,0,1,1
480,3,9.0,5,2,46.9,0,1,0,0,1,0
481,2,30.0,0,0,0.0,0,1,0,0,1,0
482,3,50.0,0,0,8.05,0,1,0,0,1,0
483,3,63.0,0,0,9.5875,1,0,0,0,1,1
484,1,25.0,1,0,91.0792,0,1,1,0,0,1
485,3,30.0,3,1,25.4667,1,0,0,0,1,0
486,1,35.0,1,0,90.0,1,0,0,0,1,1
487,1,58.0,0,0,29.7,0,1,1,0,0,0
488,3,30.0,0,0,8.05,0,1,0,0,1,0
489,3,9.0,1,1,15.9,0,1,0,0,1,1
490,3,30.0,1,0,19.9667,0,1,0,0,1,0
491,3,21.0,0,0,7.25,0,1,0,0,1,0
492,1,55.0,0,0,30.5,0,1,0,0,1,0
493,1,71.0,0,0,49.5042,0,1,1,0,0,0
494,3,21.0,0,0,8.05,0,1,0,0,1,0
495,3,30.0,0,0,14.4583,0,1,1,0,0,0
496,1,54.0,1,0,78.2667,1,0,1,0,0,1
497,3,30.0,0,0,15.1,0,1,0,0,1,0
498,1,25.0,1,2,151.55,1,0,0,0,1,0
499,3,24.0,0,0,7.7958,0,1,0,0,1,0
500,3,17.0,0,0,8.6625,0,1,0,0,1,0
501,3,21.0,0,0,7.75,1,0,0,1,0,0
502,3,30.0,0,0,7.6292,1,0,0,1,0,0
503,3,37.0,0,0,9.5875,1,0,0,0,1,0
504,1,16.0,0,0,86.5,1,0,0,0,1,1
505,1,18.0,1,0,108.9,0,1,1,0,0,0
506,2,33.0,0,2,26.0,1,0,0,0,1,1
507,1,30.0,0,0,26.55,0,1,0,0,1,1
508,3,28.0,0,0,22.525,0,1,0,0,1,0
509,3,26.0,0,0,56.4958,0,1,0,0,1,1
510,3,29.0,0,0,7.75,0,1,0,1,0,1
511,3,30.0,0,0,8.05,0,1,0,0,1,0
512,1,36.0,0,0,26.2875,0,1,0,0,1,1
513,1,54.0,1,0,59.4,1,0,1,0,0,1
514,3,24.0,0,0,7.4958,0,1,0,0,1,0
515,1,47.0,0,0,34.0208,0,1,0,0,1,0
516,2,34.0,0,0,10.5,1,0,0,0,1,1
517,3,30.0,0,0,24.15,0,1,0,1,0,0
518,2,36.0,1,0,26.0,1,0,0,0,1,1
519,3,32.0,0,0,7.8958,0,1,0,0,1,0
520,1,30.0,0,0,93.5,1,0,0,0,1,1
521,3,22.0,0,0,7.8958,0,1,0,0,1,0
522,3,30.0,0,0,7.225,0,1,1,0,0,0
523,1,44.0,0,1,57.9792,1,0,1,0,0,1
524,3,30.0,0,0,7.2292,0,1,1,0,0,0
525,3,40.5,0,0,7.75,0,1,0,1,0,0
526,2,50.0,0,0,10.5,1,0,0,0,1,1
527,1,30.0,0,0,221.7792,0,1,0,0,1,0
528,3,39.0,0,0,7.925,0,1,0,0,1,0
529,2,23.0,2,1,11.5,0,1,0,0,1,0
530,2,2.0,1,1,26.0,1,0,0,0,1,1
531,3,30.0,0,0,7.2292,0,1,1,0,0,0
532,3,17.0,1,1,7.2292,0,1,1,0,0,0
533,3,30.0,0,2,22.3583,1,0,1,0,0,1
534,3,30.0,0,0,8.6625,1,0,0,0,1,0
535,2,7.0,0,2,26.25,1,0,0,0,1,1
536,1,45.0,0,0,26.55,0,1,0,0,1,0
537,1,30.0,0,0,106.425,1,0,1,0,0,1
538,3,30.0,0,0,14.5,0,1,0,0,1,0
539,1,22.0,0,2,49.5,1,0,1,0,0,1
540,1,36.0,0,2,71.0,1,0,0,0,1,1
541,3,9.0,4,2,31.275,1,0,0,0,1,0
542,3,11.0,4,2,31.275,1,0,0,0,1,0
543,2,32.0,1,0,26.0,0,1,0,0,1,1
544,1,50.0,1,0,106.425,0,1,1,0,0,0
545,1,64.0,0,0,26.0,0,1,0,0,1,0
546,2,19.0,1,0,26.0,1,0,0,0,1,1
547,2,30.0,0,0,13.8625,0,1,1,0,0,1
548,3,33.0,1,1,20.525,0,1,0,0,1,0
549,2,8.0,1,1,36.75,0,1,0,0,1,1
550,1,17.0,0,2,110.8833,0,1,1,0,0,1
551,2,27.0,0,0,26.0,0,1,0,0,1,0
552,3,30.0,0,0,7.8292,0,1,0,1,0,0
553,3,22.0,0,0,7.225,0,1,1,0,0,1
554,3,22.0,0,0,7.775,1,0,0,0,1,1
555,1,62.0,0,0,26.55,0,1,0,0,1,0
556,1,48.0,1,0,39.6,1,0,1,0,0,1
557,1,30.0,0,0,227.525,0,1,1,0,0,0
558,1,39.0,1,1,79.65,1,0,0,0,1,1
559,3,36.0,1,0,17.4,1,0,0,0,1,1
560,3,30.0,0,0,7.75,0,1,0,1,0,0
561,3,40.0,0,0,7.8958,0,1,0,0,1,0
562,2,28.0,0,0,13.5,0,1,0,0,1,0
563,3,30.0,0,0,8.05,0,1,0,0,1,0
564,3,30.0,0,0,8.05,1,0,0,0,1,0
565,3,24.0,2,0,24.15,0,1,0,0,1,0
566,3,19.0,0,0,7.8958,0,1,0,0,1,0
567,3,29.0,0,4,21.075,1,0,0,0,1,0
568,3,30.0,0,0,7.2292,0,1,1,0,0,0
569,3,32.0,0,0,7.8542,0,1,0,0,1,1
570,2,62.0,0,0,10.5,0,1,0,0,1,1
571,1,53.0,2,0,51.4792,1,0,0,0,1,1
572,1,36.0,0,0,26.3875,0,1,0,0,1,1
573,3,30.0,0,0,7.75,1,0,0,1,0,1
574,3,16.0,0,0,8.05,0,1,0,0,1,0
575,3,19.0,0,0,14.5,0,1,0,0,1,0
576,2,34.0,0,0,13.0,1,0,0,0,1,1
577,1,39.0,1,0,55.9,1,0,0,0,1,1
578,3,30.0,1,0,14.4583,1,0,1,0,0,0
579,3,32.0,0,0,7.925,0,1,0,0,1,1
580,2,25.0,1,1,30.0,1,0,0,0,1,1
581,1,39.0,1,1,110.8833,1,0,1,0,0,1
582,2,54.0,0,0,26.0,0,1,0,0,1,0
583,1,36.0,0,0,40.125,0,1,1,0,0,0
584,3,30.0,0,0,8.7125,0,1,1,0,0,0
585,1,18.0,0,2,79.65,1,0,0,0,1,1
586,2,47.0,0,0,15.0,0,1,0,0,1,0
587,1,60.0,1,1,79.2,0,1,1,0,0,1
588,3,22.0,0,0,8.05,0,1,0,0,1,0
589,3,30.0,0,0,8.05,0,1,0,0,1,0
590,3,35.0,0,0,7.125,0,1,0,0,1,0
591,1,52.0,1,0,78.2667,1,0,1,0,0,1
592,3,47.0,0,0,7.25,0,1,0,0,1,0
593,3,30.0,0,2,7.75,1,0,0,1,0,0
594,2,37.0,1,0,26.0,0,1,0,0,1,0
595,3,36.0,1,1,24.15,0,1,0,0,1,0
596,2,30.0,0,0,33.0,1,0,0,0,1,1
597,3,49.0,0,0,0.0,0,1,0,0,1,0
598,3,30.0,0,0,7.225,0,1,1,0,0,0
599,1,49.0,1,0,56.9292,0,1,1,0,0,1
600,2,24.0,2,1,27.0,1,0,0,0,1,1
601,3,30.0,0,0,7.8958,0,1,0,0,1,0
602,1,30.0,0,0,42.4,0,1,0,0,1,0
603,3,44.0,0,0,8.05,0,1,0,0,1,0
604,1,35.0,0,0,26.55,0,1,1,0,0,1
605,3,36.0,1,0,15.55,0,1,0,0,1,0
606,3,30.0,0,0,7.8958,0,1,0,0,1,0
607,1,27.0,0,0,30.5,0,1,0,0,1,1
608,2,22.0,1,2,41.5792,1,0,1,0,0,1
609,1,40.0,0,0,153.4625,1,0,0,0,1,1
610,3,39.0,1,5,31.275,1,0,0,0,1,0
611,3,30.0,0,0,7.05,0,1,0,0,1,0
612,3,30.0,1,0,15.5,1,0,0,1,0,1
613,3,30.0,0,0,7.75,0,1,0,1,0,0
614,3,35.0,0,0,8.05,0,1,0,0,1,0
615,2,24.0,1,2,65.0,1,0,0,0,1,1
616,3,34.0,1,1,14.4,0,1,0,0,1,0
617,3,26.0,1,0,16.1,1,0,0,0,1,0
618,2,4.0,2,1,39.0,1,0,0,0,1,1
619,2,26.0,0,0,10.5,0,1,0,0,1,0
620,3,27.0,1,0,14.4542,0,1,1,0,0,0
621,1,42.0,1,0,52.5542,0,1,0,0,1,1
622,3,20.0,1,1,15.7417,0,1,1,0,0,1
623,3,21.0,0,0,7.8542,0,1,0,0,1,0
624,3,21.0,0,0,16.1,0,1,0,0,1,0
625,1,61.0,0,0,32.3208,0,1,0,0,1,0
626,2,57.0,0,0,12.35,0,1,0,1,0,0
627,1,21.0,0,0,77.9583,1,0,0,0,1,1
628,3,26.0,0,0,7.8958,0,1,0,0,1,0
629,3,30.0,0,0,7.7333,0,1,0,1,0,0
630,1,80.0,0,0,30.0,0,1,0,0,1,1
631,3,51.0,0,0,7.0542,0,1,0,0,1,0
632,1,32.0,0,0,30.5,0,1,1,0,0,1
633,1,30.0,0,0,0.0,0,1,0,0,1,0
634,3,9.0,3,2,27.9,1,0,0,0,1,0
635,2,28.0,0,0,13.0,1,0,0,0,1,1
636,3,32.0,0,0,7.925,0,1,0,0,1,0
637,2,31.0,1,1,26.25,0,1,0,0,1,0
638,3,41.0,0,5,39.6875,1,0,0,0,1,0
639,3,30.0,1,0,16.1,0,1,0,0,1,0
640,3,20.0,0,0,7.8542,0,1,0,0,1,0
641,1,24.0,0,0,69.3,1,0,1,0,0,1
642,3,2.0,3,2,27.9,1,0,0,0,1,0
643,3,30.0,0,0,56.4958,0,1,0,0,1,1
644,3,0.75,2,1,19.2583,1,0,1,0,0,1
645,1,48.0,1,0,76.7292,0,1,1,0,0,1
646,3,19.0,0,0,7.8958,0,1,0,0,1,0
647,1,56.0,0,0,35.5,0,1,1,0,0,1
648,3,30.0,0,0,7.55,0,1,0,0,1,0
649,3,23.0,0,0,7.55,1,0,0,0,1,1
650,3,30.0,0,0,7.8958,0,1,0,0,1,0
651,2,18.0,0,1,23.0,1,0,0,0,1,1
652,3,21.0,0,0,8.4333,0,1,0,0,1,0
653,3,30.0,0,0,7.8292,1,0,0,1,0,1
654,3,18.0,0,0,6.75,1,0,0,1,0,0
655,2,24.0,2,0,73.5,0,1,0,0,1,0
656,3,30.0,0,0,7.8958,0,1,0,0,1,0
657,3,32.0,1,1,15.5,1,0,0,1,0,0
658,2,23.0,0,0,13.0,0,1,0,0,1,0
659,1,58.0,0,2,113.275,0,1,1,0,0,0
660,1,50.0,2,0,133.65,0,1,0,0,1,1
661,3,40.0,0,0,7.225,0,1,1,0,0,0
662,1,47.0,0,0,25.5875,0,1,0,0,1,0
663,3,36.0,0,0,7.4958,0,1,0,0,1,0
664,3,20.0,1,0,7.925,0,1,0,0,1,1
665,2,32.0,2,0,73.5,0,1,0,0,1,0
666,2,25.0,0,0,13.0,0,1,0,0,1,0
667,3,30.0,0,0,7.775,0,1,0,0,1,0
668,3,43.0,0,0,8.05,0,1,0,0,1,0
669,1,30.0,1,0,52.0,1,0,0,0,1,1
670,2,40.0,1,1,39.0,1,0,0,0,1,1
671,1,31.0,1,0,52.0,0,1,0,0,1,0
672,2,70.0,0,0,10.5,0,1,0,0,1,0
673,2,31.0,0,0,13.0,0,1,0,0,1,1
674,2,30.0,0,0,0.0,0,1,0,0,1,0
675,3,18.0,0,0,7.775,0,1,0,0,1,0
676,3,24.5,0,0,8.05,0,1,0,0,1,0
677,3,18.0,0,0,9.8417,1,0,0,0,1,1
678,3,43.0,1,6,46.9,1,0,0,0,1,0
679,1,36.0,0,1,512.3292,0,1,1,0,0,1
680,3,30.0,0,0,8.1375,1,0,0,1,0,0
681,1,27.0,0,0,76.7292,0,1,1,0,0,1
682,3,20.0,0,0,9.225,0,1,0,0,1,0
683,3,14.0,5,2,46.9,0,1,0,0,1,0
684,2,60.0,1,1,39.0,0,1,0,0,1,0
685,2,25.0,1,2,41.5792,0,1,1,0,0,0
686,3,14.0,4,1,39.6875,0,1,0,0,1,0
687,3,19.0,0,0,10.1708,0,1,0,0,1,0
688,3,18.0,0,0,7.7958,0,1,0,0,1,0
689,1,15.0,0,1,211.3375,1,0,0,0,1,1
690,1,31.0,1,0,57.0,0,1,0,0,1,1
691,3,4.0,0,1,13.4167,1,0,1,0,0,1
692,3,30.0,0,0,56.4958,0,1,0,0,1,1
693,3,25.0,0,0,7.225,0,1,1,0,0,0
694,1,60.0,0,0,26.55,0,1,0,0,1,0
695,2,52.0,0,0,13.5,0,1,0,0,1,0
696,3,44.0,0,0,8.05,0,1,0,0,1,0
697,3,30.0,0,0,7.7333,1,0,0,1,0,1
698,1,49.0,1,1,110.8833,0,1,1,0,0,0
699,3,42.0,0,0,7.65,0,1,0,0,1,0
700,1,18.0,1,0,227.525,1,0,1,0,0,1
701,1,35.0,0,0,26.2875,0,1,0,0,1,1
702,3,18.0,0,1,14.4542,1,0,1,0,0,0
703,3,25.0,0,0,7.7417,0,1,0,1,0,0
704,3,26.0,1,0,7.8542,0,1,0,0,1,0
705,2,39.0,0,0,26.0,0,1,0,0,1,0
706,2,45.0,0,0,13.5,1,0,0,0,1,1
707,1,42.0,0,0,26.2875,0,1,0,0,1,1
708,1,22.0,0,0,151.55,1,0,0,0,1,1
709,3,30.0,1,1,15.2458,0,1,1,0,0,1
710,1,24.0,0,0,49.5042,1,0,1,0,0,1
711,1,30.0,0,0,26.55,0,1,0,0,1,0
712,1,48.0,1,0,52.0,0,1,0,0,1,1
713,3,29.0,0,0,9.4833,0,1,0,0,1,0
714,2,52.0,0,0,13.0,0,1,0,0,1,0
715,3,19.0,0,0,7.65,0,1,0,0,1,0
716,1,38.0,0,0,227.525,1,0,1,0,0,1
717,2,27.0,0,0,10.5,1,0,0,0,1,1
718,3,30.0,0,0,15.5,0,1,0,1,0,0
719,3,33.0,0,0,7.775,0,1,0,0,1,0
720,2,6.0,0,1,33.0,1,0,0,0,1,1
721,3,17.0,1,0,7.0542,0,1,0,0,1,0
722,2,34.0,0,0,13.0,0,1,0,0,1,0
723,2,50.0,0,0,13.0,0,1,0,0,1,0
724,1,27.0,1,0,53.1,0,1,0,0,1,1
725,3,20.0,0,0,8.6625,0,1,0,0,1,0
726,2,30.0,3,0,21.0,1,0,0,0,1,1
727,3,30.0,0,0,7.7375,1,0,0,1,0,1
728,2,25.0,1,0,26.0,0,1,0,0,1,0
729,3,25.0,1,0,7.925,1,0,0,0,1,0
730,1,29.0,0,0,211.3375,1,0,0,0,1,1
731,3,11.0,0,0,18.7875,0,1,1,0,0,0
732,2,30.0,0,0,0.0,0,1,0,0,1,0
733,2,23.0,0,0,13.0,0,1,0,0,1,0
734,2,23.0,0,0,13.0,0,1,0,0,1,0
735,3,28.5,0,0,16.1,0,1,0,0,1,0
736,3,48.0,1,3,34.375,1,0,0,0,1,0
737,1,35.0,0,0,512.3292,0,1,1,0,0,1
738,3,30.0,0,0,7.8958,0,1,0,0,1,0
739,3,30.0,0,0,7.8958,0,1,0,0,1,0
740,1,30.0,0,0,30.0,0,1,0,0,1,1
741,1,36.0,1,0,78.85,0,1,0,0,1,0
742,1,21.0,2,2,262.375,1,0,1,0,0,1
743,3,24.0,1,0,16.1,0,1,0,0,1,0
744,3,31.0,0,0,7.925,0,1,0,0,1,1
745,1,70.0,1,1,71.0,0,1,0,0,1,0
746,3,16.0,1,1,20.25,0,1,0,0,1,0
747,2,30.0,0,0,13.0,1,0,0,0,1,1
748,1,19.0,1,0,53.1,0,1,0,0,1,0
749,3,31.0,0,0,7.75,0,1,0,1,0,0
750,2,4.0,1,1,23.0,1,0,0,0,1,1
751,3,6.0,0,1,12.475,0,1,0,0,1,1
752,3,33.0,0,0,9.5,0,1,0,0,1,0
753,3,23.0,0,0,7.8958,0,1,0,0,1,0
754,2,48.0,1,2,65.0,1,0,0,0,1,1
755,2,0.67,1,1,14.5,0,1,0,0,1,1
756,3,28.0,0,0,7.7958,0,1,0,0,1,0
757,2,18.0,0,0,11.5,0,1,0,0,1,0
758,3,34.0,0,0,8.05,0,1,0,0,1,0
759,1,33.0,0,0,86.5,1,0,0,0,1,1
760,3,30.0,0,0,14.5,0,1,0,0,1,0
761,3,41.0,0,0,7.125,0,1,0,0,1,0
762,3,20.0,0,0,7.2292,0,1,1,0,0,1
763,1,36.0,1,2,120.0,1,0,0,0,1,1
764,3,16.0,0,0,7.775,0,1,0,0,1,0
765,1,51.0,1,0,77.9583,1,0,0,0,1,1
766,1,30.0,0,0,39.6,0,1,1,0,0,0
767,3,30.5,0,0,7.75,1,0,0,1,0,0
768,3,30.0,1,0,24.15,0,1,0,1,0,0
769,3,32.0,0,0,8.3625,0,1,0,0,1,0
770,3,24.0,0,0,9.5,0,1,0,0,1,0
771,3,48.0,0,0,7.8542,0,1,0,0,1,0
772,2,57.0,0,0,10.5,1,0,0,0,1,0
773,3,30.0,0,0,7.225,0,1,1,0,0,0
774,2,54.0,1,3,23.0,1,0,0,0,1,1
775,3,18.0,0,0,7.75,0,1,0,0,1,0
776,3,30.0,0,0,7.75,0,1,0,1,0,0
777,3,5.0,0,0,12.475,1,0,0,0,1,1
778,3,30.0,0,0,7.7375,0,1,0,1,0,0
779,1,43.0,0,1,211.3375,1,0,0,0,1,1
780,3,13.0,0,0,7.2292,1,0,1,0,0,1
781,1,17.0,1,0,57.0,1,0,0,0,1,1
782,1,29.0,0,0,30.0,0,1,0,0,1,0
783,3,30.0,1,2,23.45,0,1,0,0,1,0
784,3,25.0,0,0,7.05,0,1,0,0,1,0
785,3,25.0,0,0,7.25,0,1,0,0,1,0
786,3,18.0,0,0,7.4958,1,0,0,0,1,1
787,3,8.0,4,1,29.125,0,1,0,1,0,0
788,3,1.0,1,2,20.575,0,1,0,0,1,1
789,1,46.0,0,0,79.2,0,1,1,0,0,0
790,3,30.0,0,0,7.75,0,1,0,1,0,0
791,2,16.0,0,0,26.0,0,1,0,0,1,0
792,3,30.0,8,2,69.55,1,0,0,0,1,0
793,1,30.0,0,0,30.6958,0,1,1,0,0,0
794,3,25.0,0,0,7.8958,0,1,0,0,1,0
795,2,39.0,0,0,13.0,0,1,0,0,1,0
796,1,49.0,0,0,25.9292,1,0,0,0,1,1
797,3,31.0,0,0,8.6833,1,0,0,0,1,1
798,3,30.0,0,0,7.2292,0,1,1,0,0,0
799,3,30.0,1,1,24.15,1,0,0,0,1,0
800,2,34.0,0,0,13.0,0,1,0,0,1,0
801,2,31.0,1,1,26.25,1,0,0,0,1,1
802,1,11.0,1,2,120.0,0,1,0,0,1,1
803,3,0.42,0,1,8.5167,0,1,1,0,0,1
804,3,27.0,0,0,6.975,0,1,0,0,1,1
805,3,31.0,0,0,7.775,0,1,0,0,1,0
806,1,39.0,0,0,0.0,0,1,0,0,1,0
807,3,18.0,0,0,7.775,1,0,0,0,1,0
808,2,39.0,0,0,13.0,0,1,0,0,1,0
809,1,33.0,1,0,53.1,1,0,0,0,1,1
810,3,26.0,0,0,7.8875,0,1,0,0,1,0
811,3,39.0,0,0,24.15,0,1,0,0,1,0
812,2,35.0,0,0,10.5,0,1,0,0,1,0
813,3,6.0,4,2,31.275,1,0,0,0,1,0
814,3,30.5,0,0,8.05,0,1,0,0,1,0
815,1,30.0,0,0,0.0,0,1,0,0,1,0
816,3,23.0,0,0,7.925,1,0,0,0,1,0
817,2,31.0,1,1,37.0042,0,1,1,0,0,0
818,3,43.0,0,0,6.45,0,1,0,0,1,0
819,3,10.0,3,2,27.9,0,1,0,0,1,0
820,1,52.0,1,1,93.5,1,0,0,0,1,1
821,3,27.0,0,0,8.6625,0,1,0,0,1,1
822,1,38.0,0,0,0.0,0,1,0,0,1,0
823,3,27.0,0,1,12.475,1,0,0,0,1,1
824,3,2.0,4,1,39.6875,0,1,0,0,1,0
825,3,30.0,0,0,6.95,0,1,0,1,0,0
826,3,30.0,0,0,56.4958,0,1,0,0,1,0
827,2,1.0,0,2,37.0042,0,1,1,0,0,1
828,3,30.0,0,0,7.75,0,1,0,1,0,1
829,1,62.0,0,0,80.0,1,0,0,0,0,1
830,3,15.0,1,0,14.4542,1,0,1,0,0,1
831,2,0.83,1,1,18.75,0,1,0,0,1,1
832,3,30.0,0,0,7.2292,0,1,1,0,0,0
833,3,23.0,0,0,7.8542,0,1,0,0,1,0
834,3,18.0,0,0,8.3,0,1,0,0,1,0
835,1,39.0,1,1,83.1583,1,0,1,0,0,1
836,3,21.0,0,0,8.6625,0,1,0,0,1,0
837,3,30.0,0,0,8.05,0,1,0,0,1,0
838,3,32.0,0,0,56.4958,0,1,0,0,1,1
839,1,30.0,0,0,29.7,0,1,1,0,0,1
840,3,20.0,0,0,7.925,0,1,0,0,1,0
841,2,16.0,0,0,10.5,0,1,0,0,1,0
842,1,30.0,0,0,31.0,1,0,1,0,0,1
843,3,34.5,0,0,6.4375,0,1,1,0,0,0
844,3,17.0,0,0,8.6625,0,1,0,0,1,0
845,3,42.0,0,0,7.55,0,1,0,0,1,0
846,3,30.0,8,2,69.55,0,1,0,0,1,0
847,3,35.0,0,0,7.8958,0,1,1,0,0,0
848,2,28.0,0,1,33.0,0,1,0,0,1,0
849,1,30.0,1,0,89.1042,1,0,1,0,0,1
850,3,4.0,4,2,31.275,0,1,0,0,1,0
851,3,74.0,0,0,7.775,0,1,0,0,1,0
852,3,9.0,1,1,15.2458,1,0,1,0,0,0
853,1,16.0,0,1,39.4,1,0,0,0,1,1
854,2,44.0,1,0,26.0,1,0,0,0,1,0
855,3,18.0,0,1,9.35,1,0,0,0,1,1
856,1,45.0,1,1,164.8667,1,0,0,0,1,1
857,1,51.0,0,0,26.55,0,1,0,0,1,1
858,3,24.0,0,3,19.2583,1,0,1,0,0,1
859,3,30.0,0,0,7.2292,0,1,1,0,0,0
860,3,41.0,2,0,14.1083,0,1,0,0,1,0
861,2,21.0,1,0,11.5,0,1,0,0,1,0
862,1,48.0,0,0,25.9292,1,0,0,0,1,1
863,3,30.0,8,2,69.55,1,0,0,0,1,0
864,2,24.0,0,0,13.0,0,1,0,0,1,0
865,2,42.0,0,0,13.0,1,0,0,0,1,1
866,2,27.0,1,0,13.8583,1,0,1,0,0,1
867,1,31.0,0,0,50.4958,0,1,0,0,1,0
868,3,30.0,0,0,9.5,0,1,0,0,1,0
869,3,4.0,1,1,11.1333,0,1,0,0,1,1
870,3,26.0,0,0,7.8958,0,1,0,0,1,0
871,1,47.0,1,1,52.5542,1,0,0,0,1,1
872,1,33.0,0,0,5.0,0,1,0,0,1,0
873,3,47.0,0,0,9.0,0,1,0,0,1,0
874,2,28.0,1,0,24.0,1,0,1,0,0,1
875,3,15.0,0,0,7.225,1,0,1,0,0,1
876,3,20.0,0,0,9.8458,0,1,0,0,1,0
877,3,19.0,0,0,7.8958,0,1,0,0,1,0
878,3,30.0,0,0,7.8958,0,1,0,0,1,0
879,1,56.0,0,1,83.1583,1,0,1,0,0,1
880,2,25.0,0,1,26.0,1,0,0,0,1,1
881,3,33.0,0,0,7.8958,0,1,0,0,1,0
882,3,22.0,0,0,10.5167,1,0,0,0,1,0
883,2,28.0,0,0,10.5,0,1,0,0,1,0
884,3,25.0,0,0,7.05,0,1,0,0,1,0
885,3,39.0,0,5,29.125,1,0,0,1,0,0
886,2,27.0,0,0,13.0,0,1,0,0,1,0
887,1,19.0,0,0,30.0,1,0,0,0,1,1
888,3,30.0,1,2,23.45,1,0,0,0,1,0
889,1,26.0,0,0,30.0,0,1,1,0,0,1
890,3,32.0,0,0,7.75,0,1,0,1,0,0
891,3,34.5,0,0,7.8292,0,1,0,1,0,0
892,3,47.0,1,0,7.0,1,0,0,0,1,1
893,2,62.0,0,0,9.6875,0,1,0,1,0,0
894,3,27.0,0,0,8.6625,0,1,0,0,1,0
895,3,22.0,1,1,12.2875,1,0,0,0,1,1
896,3,14.0,0,0,9.225,0,1,0,0,1,1
897,3,30.0,0,0,7.6292,1,0,0,1,0,0
898,2,26.0,1,1,29.0,0,1,0,0,1,1
899,3,18.0,0,0,7.2292,1,0,1,0,0,1
900,3,21.0,2,0,24.15,0,1,0,0,1,0
901,3,30.0,0,0,7.8958,0,1,0,0,1,0
902,1,46.0,0,0,26.0,0,1,0,0,1,0
903,1,23.0,1,0,82.2667,1,0,0,0,1,1
904,2,63.0,1,0,26.0,0,1,0,0,1,0
905,1,47.0,1,0,61.175,1,0,0,0,1,1
906,2,24.0,1,0,27.7208,1,0,1,0,0,1
907,2,35.0,0,0,12.35,0,1,0,1,0,0
908,3,21.0,0,0,7.225,0,1,1,0,0,0
909,3,27.0,1,0,7.925,1,0,0,0,1,0
910,1,55.0,1,0,59.4,0,1,1,0,0,0
911,3,9.0,0,1,3.1708,0,1,0,0,1,1
912,1,30.0,0,0,31.6833,1,0,0,0,1,1
913,1,21.0,0,1,61.3792,0,1,1,0,0,1
914,1,48.0,1,3,262.375,1,0,1,0,0,1
915,3,50.0,1,0,14.5,0,1,0,0,1,0
916,1,22.0,0,1,61.9792,1,0,1,0,0,1
917,3,22.5,0,0,7.225,0,1,1,0,0,0
918,1,41.0,0,0,30.5,0,1,0,0,1,0
919,3,30.0,2,0,21.6792,0,1,1,0,0,0
920,2,50.0,1,0,26.0,0,1,0,0,1,0
921,2,24.0,2,0,31.5,0,1,0,0,1,0
922,3,33.0,1,2,20.575,1,0,0,0,1,1
923,1,30.0,1,0,57.75,0,1,1,0,0,1
924,3,30.0,0,0,8.05,1,0,0,0,1,1
925,3,21.0,0,0,8.6625,1,0,0,0,1,0
926,3,25.0,0,0,9.5,0,1,0,0,1,1
927,3,30.0,0,0,56.4958,0,1,0,0,1,1
928,3,39.0,0,1,13.4167,0,1,1,0,0,1
929,1,30.0,0,0,26.55,0,1,0,0,1,0
930,3,41.0,0,0,7.85,0,1,0,0,1,0
931,2,30.0,0,0,13.0,1,0,0,0,1,0
932,1,45.0,1,0,52.5542,1,0,0,0,1,1
933,3,25.0,0,0,7.925,0,1,0,0,1,0
934,1,45.0,0,0,29.7,0,1,1,0,0,1
935,3,30.0,0,0,7.75,0,1,0,1,0,0
936,1,60.0,0,0,76.2917,1,0,1,0,0,1
937,1,24.0,1,0,60.0,0,1,0,0,1,0
938,2,27.0,0,0,15.0333,0,1,1,0,0,0
939,1,28.0,3,2,263.0,1,0,0,0,1,1
940,2,30.0,0,0,15.5792,0,1,1,0,0,0
941,3,10.0,4,1,29.125,0,1,0,1,0,0
942,3,35.0,0,0,7.8958,0,1,0,0,1,0
943,3,25.0,0,0,7.65,0,1,0,0,1,1
944,3,30.0,1,0,16.1,0,1,0,0,1,0
945,1,36.0,0,0,262.375,1,0,1,0,0,1
946,3,17.0,0,0,7.8958,0,1,0,0,1,0
947,2,32.0,0,0,13.5,0,1,0,0,1,0
948,3,18.0,0,0,7.75,0,1,0,0,1,0
949,3,22.0,0,0,7.725,1,0,0,1,0,1
950,1,13.0,2,2,262.375,0,1,1,0,0,1
951,2,30.0,0,0,21.0,1,0,0,0,1,0
952,3,18.0,0,0,7.8792,1,0,0,1,0,0
953,1,47.0,0,0,42.4,0,1,0,0,1,0
954,1,31.0,0,0,28.5375,0,1,1,0,0,1
955,1,60.0,1,4,263.0,1,0,0,0,1,1
956,3,24.0,0,0,7.75,1,0,0,1,0,1
957,3,21.0,0,0,7.8958,0,1,0,0,1,0
958,3,29.0,0,0,7.925,1,0,0,0,1,0
959,1,28.5,0,0,27.7208,0,1,1,0,0,0
960,1,35.0,0,0,211.5,1,0,1,0,0,1
961,1,32.5,0,0,211.5,0,1,1,0,0,0
962,3,30.0,0,0,8.05,0,1,0,0,1,0
963,1,55.0,2,0,25.7,1,0,0,0,1,1
964,2,30.0,0,0,13.0,0,1,0,0,1,0
965,3,24.0,0,0,7.75,1,0,0,1,0,0
966,3,6.0,1,1,15.2458,0,1,1,0,0,0
967,1,67.0,1,0,221.7792,0,1,0,0,1,0
968,1,49.0,0,0,26.0,0,1,0,0,1,0
969,3,30.0,0,0,7.8958,0,1,0,0,1,0
970,2,30.0,0,0,10.7083,0,1,0,1,0,0
971,3,30.0,1,0,14.4542,0,1,1,0,0,0
972,3,27.0,0,0,7.8792,1,0,0,1,0,0
973,3,18.0,0,0,8.05,1,0,0,0,1,1
974,3,30.0,0,0,7.75,1,0,0,1,0,0
975,2,2.0,1,1,23.0,0,1,0,0,1,1
976,3,22.0,1,0,13.9,1,0,0,0,1,1
977,3,30.0,0,0,7.775,0,1,0,0,1,0
978,1,27.0,1,2,52.0,1,0,0,0,1,1
979,3,30.0,0,0,8.05,0,1,0,0,1,0
980,1,25.0,0,0,26.0,0,1,1,0,0,0
981,3,25.0,0,0,7.7958,0,1,0,0,1,1
982,1,76.0,1,0,78.85,1,0,0,0,1,1
983,3,29.0,0,0,7.925,0,1,0,0,1,0
984,3,20.0,0,0,7.8542,1,0,0,0,1,0
985,3,33.0,0,0,8.05,0,1,0,0,1,0
986,1,43.0,1,0,55.4417,1,0,1,0,0,1
987,2,27.0,1,0,26.0,0,1,0,0,1,0
988,3,30.0,0,0,7.75,0,1,0,1,0,0
989,3,26.0,0,0,7.775,0,1,0,0,1,1
990,3,28.0,0,0,22.525,0,1,0,0,1,0
991,3,21.0,0,0,7.8208,0,1,0,1,0,1
992,3,30.0,0,0,7.75,0,1,0,1,0,1
993,2,18.5,0,0,13.0,0,1,0,0,1,0
994,2,41.0,0,0,15.0458,0,1,1,0,0,0
995,3,30.0,0,0,7.7792,1,0,0,1,0,1
996,1,36.0,0,0,31.6792,1,0,1,0,0,0
997,3,18.5,0,0,7.2833,1,0,0,1,0,0
998,1,63.0,1,0,221.7792,1,0,0,0,1,0
999,3,18.0,1,0,14.4542,0,1,1,0,0,0
1000,3,30.0,0,0,6.4375,0,1,1,0,0,0
1001,3,1.0,1,1,16.7,1,0,0,0,1,1
1002,1,36.0,0,0,75.2417,0,1,1,0,0,0
1003,2,29.0,1,0,26.0,1,0,0,0,1,0
1004,2,12.0,0,0,15.75,1,0,0,0,1,1
1005,3,30.0,1,0,7.75,0,1,0,1,0,0
1006,1,35.0,1,0,57.75,1,0,1,0,0,1
1007,3,28.0,0,0,7.25,0,1,0,0,1,0
1008,3,30.0,0,0,7.75,0,1,0,1,0,1
1009,3,17.0,0,1,16.1,1,0,0,0,1,1
1010,3,22.0,0,0,7.7958,0,1,0,0,1,0
1011,3,30.0,2,0,23.25,1,0,0,1,0,1
1012,2,42.0,0,0,13.0,0,1,0,0,1,0
1013,3,24.0,0,0,8.05,0,1,0,0,1,0
1014,3,32.0,0,0,8.05,0,1,0,0,1,0
1015,1,53.0,0,0,28.5,0,1,1,0,0,1
1016,3,30.0,0,4,25.4667,1,0,0,0,1,0
1017,3,30.0,1,0,6.4375,0,1,1,0,0,0
1018,3,43.0,0,0,7.8958,0,1,0,0,1,0
1019,3,24.0,0,0,7.8542,0,1,0,0,1,0
1020,3,26.5,0,0,7.225,0,1,1,0,0,0
1021,2,26.0,0,0,13.0,0,1,0,0,1,0
1022,3,23.0,0,0,8.05,1,0,0,0,1,1
1023,3,40.0,1,6,46.9,0,1,0,0,1,0
1024,3,10.0,5,2,46.9,1,0,0,0,1,0
1025,1,33.0,0,0,151.55,1,0,0,0,1,1
1026,1,61.0,1,3,262.375,0,1,1,0,0,0
1027,2,28.0,0,0,26.0,0,1,0,0,1,0
1028,3,31.0,3,0,18.0,0,1,0,0,1,0
1029,1,30.0,0,0,51.8625,0,1,0,0,1,0
1030,3,22.0,0,0,8.05,0,1,0,0,1,0
1031,1,30.0,0,0,26.55,0,1,0,0,1,0
1032,2,30.0,1,1,26.0,0,1,0,0,1,0
1033,1,23.0,0,1,83.1583,1,0,1,0,0,1
1034,3,30.0,0,0,7.8958,0,1,1,0,0,0
1035,3,60.5,0,0,13.2696,0,1,0,0,1,0
1036,3,36.0,0,2,12.1833,1,0,0,0,1,0
1037,3,13.0,4,2,31.3875,0,1,0,0,1,0
1038,3,24.0,0,0,7.55,0,1,0,0,1,1
1039,1,29.0,0,0,221.7792,1,0,0,0,1,1
1040,3,23.0,0,0,7.8542,1,0,0,0,1,1
1041,1,42.0,0,0,26.55,0,1,0,0,1,0
1042,3,26.0,0,2,13.775,1,0,0,0,1,0
1043,3,30.0,0,0,7.7333,1,0,0,1,0,1
1044,3,7.0,1,1,15.2458,0,1,1,0,0,1
1045,2,26.0,0,0,13.5,1,0,0,0,1,1
1046,3,30.0,0,0,7.0,0,1,0,0,1,0
1047,2,41.0,0,0,13.0,0,1,0,0,1,0
1048,3,26.0,1,1,22.025,1,0,0,0,1,1
1049,1,48.0,0,0,50.4958,0,1,1,0,0,0
1050,3,18.0,2,2,34.375,0,1,0,0,1,0
1051,1,30.0,0,0,27.7208,1,0,1,0,0,1
1052,3,22.0,0,0,8.9625,1,0,0,0,1,1
1053,3,30.0,0,0,7.55,0,1,0,0,1,0
1054,3,27.0,0,0,7.225,0,1,1,0,0,0
1055,3,23.0,1,0,13.9,0,1,0,0,1,0
1056,3,30.0,0,0,7.2292,0,1,1,0,0,0
1057,3,40.0,1,5,31.3875,0,1,0,0,1,0
1058,2,15.0,0,2,39.0,1,0,0,0,1,1
1059,2,20.0,0,0,36.75,1,0,0,0,1,1
1060,1,54.0,1,0,55.4417,0,1,1,0,0,1
1061,2,36.0,0,3,39.0,1,0,0,0,1,1
1062,1,64.0,0,2,83.1583,1,0,1,0,0,1
1063,2,30.0,0,0,13.0,0,1,0,0,1,0
1064,1,37.0,1,1,83.1583,0,1,1,0,0,0
1065,1,18.0,1,0,53.1,1,0,0,0,1,1
1066,3,30.0,0,0,7.75,0,1,0,1,0,0
1067,1,27.0,1,1,247.5208,1,0,1,0,0,1
1068,2,40.0,0,0,16.0,0,1,0,0,1,0
1069,2,21.0,0,1,21.0,1,0,0,0,1,1
1070,3,17.0,2,0,8.05,0,1,0,0,1,0
1071,3,30.0,8,2,69.55,1,0,0,0,1,0
1072,2,40.0,0,0,13.0,0,1,0,0,1,0
1073,2,34.0,1,0,26.0,0,1,0,0,1,0
1074,1,30.0,0,0,26.0,0,1,0,0,1,1
1075,3,11.5,1,1,14.5,0,1,0,0,1,0
1076,2,61.0,0,0,12.35,0,1,0,1,0,0
1077,2,8.0,0,2,32.5,0,1,0,0,1,1
1078,3,33.0,0,0,7.8542,0,1,0,0,1,0
1079,1,6.0,0,2,134.5,0,1,1,0,0,1
1080,3,18.0,0,0,7.775,1,0,0,0,1,1
1081,2,23.0,0,0,10.5,0,1,0,0,1,0
1082,3,30.0,0,0,8.1125,1,0,0,0,1,0
1083,3,30.0,0,0,15.5,1,0,0,1,0,1
1084,3,0.33,0,2,14.4,0,1,0,0,1,0
1085,1,47.0,1,0,227.525,0,1,1,0,0,0
1086,2,8.0,1,1,26.0,1,0,0,0,1,1
1087,2,25.0,0,0,10.5,0,1,0,0,1,0
1088,1,30.0,0,0,25.7417,0,1,1,0,0,1
1089,3,35.0,0,0,7.75,1,0,0,1,0,0
1090,2,24.0,0,0,10.5,0,1,0,0,1,1
1091,1,33.0,0,0,27.7208,1,0,1,0,0,1
1092,3,25.0,0,0,7.8958,0,1,0,0,1,0
1093,3,32.0,0,0,22.525,0,1,0,0,1,0
1094,3,30.0,0,0,7.05,0,1,0,0,1,1
1095,2,17.0,0,0,73.5,0,1,0,0,1,0
1096,2,60.0,1,0,26.0,1,0,0,0,1,0
1097,3,38.0,4,2,7.775,1,0,0,0,1,0
1098,1,42.0,0,0,42.5,0,1,0,0,1,0
1099,3,30.0,0,0,7.8792,1,0,0,1,0,0
1100,1,57.0,1,1,164.8667,0,1,0,0,1,0
1101,1,50.0,1,1,211.5,1,0,1,0,0,1
1102,3,30.0,0,0,8.05,0,1,0,0,1,0
1103,2,30.0,1,0,13.8583,1,0,1,0,0,1
1104,3,21.0,0,0,8.05,0,1,0,0,1,0
1105,2,22.0,0,0,10.5,1,0,0,0,1,1
1106,3,21.0,0,0,7.7958,0,1,0,0,1,1
1107,1,53.0,0,0,27.4458,1,0,1,0,0,1
1108,3,23.0,0,0,7.7958,0,1,0,0,1,1
1109,3,30.0,0,0,7.75,1,0,0,1,0,0
1110,3,40.5,0,0,15.1,0,1,0,0,1,0
1111,2,36.0,0,0,13.0,0,1,0,0,1,0
1112,2,14.0,0,0,65.0,0,1,0,0,1,0
1113,1,21.0,0,0,26.55,1,0,0,0,1,1
1114,3,21.0,1,0,6.4958,0,1,0,0,1,0
1115,3,30.0,0,0,7.8792,0,1,0,1,0,0
1116,1,39.0,1,0,71.2833,0,1,1,0,0,0
1117,3,20.0,0,0,7.8542,0,1,0,0,1,0
1118,1,64.0,1,0,75.25,0,1,1,0,0,0
1119,3,20.0,0,0,7.225,0,1,1,0,0,0
1120,2,18.0,1,1,13.0,1,0,0,0,1,0
1121,1,48.0,1,0,106.425,1,0,1,0,0,1
1122,1,55.0,0,0,27.7208,1,0,1,0,0,1
1123,2,45.0,0,2,30.0,1,0,0,0,1,1
1124,1,45.0,1,1,134.5,0,1,1,0,0,1
1125,3,30.0,0,0,7.8875,0,1,0,0,1,1
1126,1,41.0,1,0,51.8625,0,1,0,0,1,0
1127,2,22.0,0,0,21.0,1,0,0,0,1,0
1128,2,42.0,1,1,32.5,0,1,0,0,1,0
1129,2,29.0,1,0,26.0,1,0,0,0,1,1
1130,2,0.92,1,2,27.75,1,0,0,0,1,1
1131,3,20.0,0,0,7.925,0,1,0,0,1,1
1132,1,27.0,1,0,136.7792,0,1,1,0,0,0
1133,3,24.0,0,0,9.325,0,1,0,0,1,0
1134,3,32.5,0,0,9.5,0,1,0,0,1,0
1135,3,30.0,0,0,7.55,0,1,0,0,1,0
1136,3,30.0,0,0,7.75,0,1,0,1,0,0
1137,3,28.0,0,0,8.05,0,1,0,0,1,0
1138,2,19.0,0,0,13.0,1,0,0,0,1,1
1139,3,21.0,0,0,7.775,0,1,0,0,1,1
1140,3,36.5,1,0,17.4,0,1,0,0,1,1
1141,3,21.0,0,0,7.8542,0,1,0,0,1,0
1142,3,1.0,1,1,12.1833,1,0,0,0,1,0
1143,2,30.0,0,0,12.7375,0,1,1,0,0,1
1144,3,30.0,0,0,7.8958,0,1,0,0,1,0
1145,1,30.0,0,0,0.0,0,1,0,0,1,0
1146,3,30.0,0,0,7.55,0,1,0,0,1,0
1147,3,30.0,0,0,8.05,1,0,0,0,1,1
1148,3,17.0,0,0,8.6625,0,1,0,0,1,0
1149,1,46.0,0,0,75.2417,0,1,1,0,0,0
1150,3,30.0,0,0,7.75,0,1,0,1,0,0
1151,1,26.0,1,0,136.7792,1,0,1,0,0,1
1152,3,30.0,1,0,15.5,1,0,0,1,0,0
1153,3,30.0,0,0,7.225,0,1,1,0,0,0
1154,2,28.0,0,0,10.5,0,1,0,0,1,0
1155,2,40.0,1,0,26.0,0,1,0,0,1,0
1156,2,30.0,1,0,21.0,0,1,0,0,1,0
1157,2,22.0,0,0,10.5,0,1,0,0,1,1
1158,3,23.0,0,0,8.6625,1,0,0,0,1,0
1159,3,0.75,1,1,13.775,0,1,0,0,1,0
1160,3,30.0,0,0,7.75,1,0,0,1,0,0
1161,3,9.0,1,1,15.2458,1,0,1,0,0,1
1162,3,2.0,1,1,20.2125,1,0,0,0,1,0
1163,3,36.0,0,0,7.25,0,1,0,0,1,0
1164,3,30.0,0,0,7.25,0,1,0,0,1,0
1165,1,24.0,1,0,82.2667,0,1,0,0,1,1
1166,3,30.0,0,0,7.2292,0,1,1,0,0,0
1167,3,30.0,0,0,8.05,0,1,0,0,1,0
1168,1,30.0,0,0,39.6,0,1,0,0,1,1
1169,3,30.0,0,0,7.2292,0,1,1,0,0,0
1170,1,53.0,1,1,81.8583,0,1,0,0,1,1
1171,3,36.0,0,0,9.5,0,1,0,0,1,0
1172,3,26.0,0,0,7.8958,0,1,0,0,1,0
1173,2,1.0,1,2,41.5792,1,0,1,0,0,1
1174,3,30.0,2,0,21.6792,0,1,1,0,0,0
1175,1,30.0,0,0,45.5,0,1,0,0,1,0
1176,3,29.0,0,0,7.8542,0,1,0,0,1,0
1177,3,32.0,0,0,7.775,0,1,0,0,1,1
1178,2,30.0,0,0,15.0458,0,1,1,0,0,0
1179,2,43.0,0,1,21.0,0,1,0,0,1,0
1180,3,24.0,0,0,8.6625,0,1,0,0,1,0
1181,1,64.0,1,1,26.55,1,0,0,0,1,1
1182,1,30.0,1,2,151.55,0,1,0,0,1,0
1183,3,0.83,0,1,9.35,0,1,0,0,1,1
1184,1,55.0,1,1,93.5,0,1,0,0,1,0
1185,3,45.0,1,0,14.1083,1,0,0,0,1,1
1186,3,18.0,0,0,8.6625,0,1,0,0,1,0
1187,3,22.0,0,0,7.225,0,1,1,0,0,1
1188,3,30.0,0,0,7.575,0,1,0,0,1,0
1189,3,37.0,0,0,7.75,1,0,0,1,0,0
1190,1,55.0,0,0,135.6333,1,0,1,0,0,1
1191,3,17.0,0,0,7.7333,1,0,0,1,0,0
1192,1,57.0,1,0,146.5208,0,1,1,0,0,0
1193,2,19.0,0,0,10.5,0,1,0,0,1,0
1194,3,27.0,0,0,7.8542,0,1,0,0,1,0
1195,2,22.0,2,0,31.5,0,1,0,0,1,0
1196,3,26.0,0,0,7.775,0,1,0,0,1,0
1197,3,25.0,0,0,7.2292,0,1,1,0,0,1
1198,2,26.0,0,0,13.0,0,1,0,0,1,0
1199,1,33.0,0,0,26.55,0,1,0,0,1,0
1200,1,39.0,0,0,211.3375,1,0,0,0,1,1
1201,3,23.0,0,0,7.05,0,1,0,0,1,0
1202,2,12.0,2,1,39.0,1,0,0,0,1,1
1203,2,29.0,1,0,26.0,0,1,0,0,1,0
1204,2,21.0,0,0,13.0,0,1,0,0,1,0
1205,1,39.0,0,0,29.7,0,1,1,0,0,0
1206,3,30.0,0,0,7.225,0,1,1,0,0,0
1207,3,27.0,0,0,7.8958,0,1,0,0,1,0
1208,1,30.0,0,0,26.0,0,1,0,0,1,0
1209,2,32.0,0,0,13.0,0,1,0,0,1,0
1210,3,39.0,0,2,7.2292,0,1,1,0,0,0
1211,2,25.0,0,0,31.5,0,1,0,0,1,0
1212,3,30.0,0,0,7.2292,0,1,1,0,0,0
1213,2,18.0,0,0,10.5,0,1,0,0,1,0
1214,3,32.0,0,0,7.5792,0,1,0,0,1,1
1215,3,30.0,1,9,69.55,0,1,0,0,1,0
1216,1,58.0,0,1,512.3292,1,0,1,0,0,1
1217,3,30.0,1,1,14.5,0,1,0,0,1,0
1218,3,16.0,0,0,7.65,1,0,0,0,1,1
1219,2,26.0,0,0,13.0,0,1,0,0,1,0
1220,3,38.0,0,0,7.2292,1,0,1,0,0,1
1221,2,24.0,0,0,13.5,0,1,0,0,1,0
1222,2,31.0,0,0,21.0,1,0,0,0,1,1
1223,1,45.0,0,1,63.3583,1,0,1,0,0,1
1224,2,25.0,0,0,10.5,0,1,0,0,1,0
1225,2,18.0,0,0,73.5,0,1,0,0,1,0
1226,2,49.0,1,2,65.0,0,1,0,0,1,0
1227,1,50.0,0,0,26.0,0,1,0,0,1,0
1228,1,59.0,2,0,51.4792,1,0,0,0,1,1
1229,3,30.0,0,0,7.8792,0,1,0,0,1,0
1230,3,30.0,0,0,7.75,0,1,0,1,0,1
1231,3,30.0,1,0,15.55,1,0,0,0,1,0
1232,3,14.5,8,2,69.55,0,1,0,0,1,0
1233,2,24.0,1,1,37.0042,1,0,1,0,0,1
1234,2,31.0,0,0,21.0,1,0,0,0,1,1
1235,3,27.0,0,0,8.6625,0,1,0,0,1,0
1236,1,25.0,1,0,55.4417,1,0,1,0,0,1
1237,3,30.0,1,9,69.55,1,0,0,0,1,0
1238,3,30.0,1,0,14.4583,0,1,1,0,0,0
1239,1,45.0,0,1,59.4,1,0,1,0,0,1
1240,2,29.0,0,0,13.8583,0,1,1,0,0,1
1241,2,21.0,1,0,11.5,0,1,0,0,1,0
1242,1,31.0,0,0,134.5,1,0,1,0,0,1
1243,1,49.0,0,0,0.0,0,1,0,0,1,1
1244,2,44.0,0,0,13.0,0,1,0,0,1,0
1245,1,54.0,1,1,81.8583,1,0,0,0,1,1
1246,1,45.0,0,0,262.375,1,0,1,0,0,1
1247,3,22.0,2,0,8.6625,1,0,0,0,1,0
1248,1,55.0,0,0,50.0,0,1,0,0,1,0
1249,3,5.0,4,2,31.3875,0,1,0,0,1,0
1250,3,30.0,0,0,7.75,0,1,0,1,0,0
1251,3,26.0,0,0,7.8792,0,1,0,1,0,0
1252,3,30.0,0,0,14.5,1,0,0,0,1,0
1253,3,19.0,1,0,16.1,1,0,0,0,1,0
1254,2,24.0,1,2,65.0,1,0,0,0,1,1
1255,3,24.0,0,0,7.775,0,1,0,0,1,0
1256,2,57.0,0,0,13.0,0,1,0,0,1,0
1257,3,21.0,0,0,7.75,0,1,0,1,0,0
1258,3,6.0,3,1,21.075,0,1,0,0,1,0
1259,1,23.0,0,0,93.5,0,1,0,0,1,0
1260,1,51.0,0,1,39.4,1,0,0,0,1,1
1261,3,13.0,0,2,20.25,0,1,0,0,1,0
1262,2,47.0,0,0,10.5,0,1,0,0,1,0
1263,3,29.0,3,1,22.025,0,1,0,0,1,1
1264,1,18.0,1,0,60.0,1,0,0,0,1,1
1265,3,24.0,0,0,7.25,0,1,0,1,0,0
1266,1,48.0,1,1,79.2,1,0,1,0,0,1
1267,3,22.0,0,0,7.775,0,1,0,0,1,0
1268,3,31.0,0,0,7.7333,0,1,0,1,0,0
1269,1,30.0,0,0,164.8667,1,0,0,0,1,1
1270,2,38.0,1,0,21.0,0,1,0,0,1,0
1271,1,22.0,0,1,59.4,1,0,1,0,0,1
1272,1,17.0,0,0,47.1,0,1,0,0,1,0
1273,1,43.0,1,0,27.7208,0,1,1,0,0,1
1274,2,23.0,1,0,10.5,0,1,0,0,1,0
1275,1,50.0,1,1,211.5,0,1,1,0,0,0
1276,3,3.0,1,1,13.775,1,0,0,0,1,0
1277,3,30.0,0,0,7.75,1,0,0,1,0,0
1278,1,37.0,1,0,90.0,1,0,0,1,0,1
1279,3,28.0,0,0,7.775,1,0,0,0,1,0
1280,3,30.0,0,0,8.05,0,1,0,0,1,0
1281,1,39.0,0,0,108.9,1,0,1,0,0,1
1282,3,38.5,0,0,7.25,0,1,0,0,1,0
1283,3,30.0,0,0,8.05,0,1,0,0,1,0
1284,3,30.0,1,1,22.3583,0,1,1,0,0,1
